{"cameraMode":{"drawMode":0,"name":"Shaded","section":"Shading Mode"},"sceneLighting":false,"audioPlay":false,"sceneViewState":{"m_AlwaysRefresh":false,"showFog":true,"showSkybox":false,"showFlares":true,"showImageEffects":true,"showParticleSystems":true,"showVisualEffectGraphs":true,"m_FxEnabled":true},"in2DMode":false,"pivot":{"x":0.0002677440643310547,"y":1.6101053953170777,"z":1.0718729496002198},"rotation":{"x":0.004560668487101793,"y":-0.579849898815155,"z":0.0029107609298080208,"w":0.8149613738059998},"size":1.3460835218429566,"orthographic":false}